post_id,vendor,main,snack,drink,image_url,title,raw_response
1r1y4zd,unknown,pizza,unknown,san pellegrino limonata,https://i.redd.it/d1o3khxbgvig1.jpeg,£4.90 pizza meal from my local Italian deli,"vendor: unknown  
main: pizza  
snack: unknown  
drink: san pellegrino limonata"
1qdpb0z,tesco,ham sandwich,walkers ready salted crisps,evian mineral water,https://i.redd.it/vdfrt7ojpjdg1.jpeg,The manager came out and told me I must be someone who claps when the plane lands.,"vendor: tesco  
main: ham sandwich  
snack: walkers ready salted crisps  
drink: evian mineral water"
1okrzy0,tesco,pigs in blankets sandwich,mars duo,sunny's free,https://i.redd.it/y1ub4iv7nfyf1.jpeg,The staff at tesco applauded and the manager came out to shake my hand,"vendor: tesco  
main: pigs in blankets sandwich  
snack: mars duo  
drink: sunny's free"
1rlli7t,unknown,whole herring,classic scotch egg,monster energy drink,https://i.redd.it/9p6v50kw29ng1.jpeg,bosh,"vendor: unknown  
main: whole herring  
snack: classic scotch egg  
drink: monster energy drink"
1pc7dit,unknown,rollover,gü zillionaire,sanpellegrino limonata,https://i.redd.it/ekdrzt41ds4g1.jpeg,My colleague just returned to his desk with this…,"vendor: unknown  
main: rollover  
snack: Gü zillionaire  
drink: sanpellegrino limonata"
1opcfg1,sainsbury's,christmas cracker club sandwich,mars duo,mars drink,https://i.redd.it/26izwejnohzf1.jpeg,"American in UK, did I do it right?","vendor: sainsbury's  
main: Christmas Cracker Club sandwich  
snack: Mars Duo  
drink: Mars drink"
1qz9wcd,tesco,mango,mango snack pack,monster juiced mango 500ml,https://i.redd.it/fu5iijfk3aig1.jpeg,"Man goes, Man gets","vendor: tesco  
main: mango  
snack: mango snack pack  
drink: monster juiced mango 500ml"
1rga0nm,tesco,pineapple love your lunch,snack pack pineapple,naked protein machine smoothie,https://i.redd.it/7qh9at4q42mg1.jpeg,Pineapple thrice,"vendor: tesco  
main: pineapple love your lunch  
snack: snack pack pineapple  
drink: naked protein machine smoothie"
1pj1sec,unknown,pasta salad,yorkie biscuit and brownie,pepsi,https://i.redd.it/6r7tawfmid6g1.jpeg,"I dont need your score, this is a 10/10. Signed hungry pregnant lady.","vendor: unknown  
main: pasta salad  
snack: Yorkie biscuit and brownie  
drink: Pepsi"
1nsnip5,unknown,mango (diced mango),unknown,monster energy drink,https://i.redd.it/ipu6etgpjwrf1.jpeg,Rate my meal deal,"vendor: unknown  
main: mango (diced mango)  
snack: unknown  
drink: Monster energy drink"
1p0ari8,tesco,"sausage, bacon & egg triple sandwich",mr kipling strawberry slices,dr pepper,https://i.redd.it/h4ywm3wmf02g1.jpeg,first time posting on this sub lol,"vendor: tesco  
main: sausage, bacon & egg triple sandwich  
snack: mr kipling strawberry slices  
drink: dr pepper"
1p7yx8f,tesco,turkey trimmings sandwich with cranberry sauce,pain au chocolat,dr pepper,https://i.redd.it/azxnrf3u0s3g1.jpeg,Thoughts on this offering? Bit more expensive than usual,"vendor: tesco  
main: turkey trimmings sandwich with cranberry sauce  
snack: pain au chocolat  
drink: dr pepper"
1r4l56k,unknown,unknown,unknown,smirnoff vodka,https://i.redd.it/zxru7t6ktgjg1.jpeg,Valentines meal for one,"vendor: unknown  
main: unknown  
snack: unknown  
drink: Smirnoff vodka"
1r7iwax,unknown,unknown,rhubarb and custard sweets,funk'd raspberry rose 500ml,https://i.redd.it/173y7xtme4kg1.jpeg,my version of a meal deal except it’s a monday evening,"vendor: unknown  
main: unknown  
snack: rhubarb and custard sweets  
drink: FUNK'D raspberry rose 500ml"
1puuf64,unknown,sandwich,yogurt,san miguel beer,https://i.redd.it/4v0m6ej4779g1.jpeg,Spanish meal deal at the service station,"vendor: unknown  
main: sandwich  
snack: yogurt  
drink: San Miguel beer"
1p2y6at,unknown,tomato & basil chicken pasta,gü chocolate dessert,coca-cola zero sugar lime,https://i.redd.it/48lb6bmg0m2g1.jpeg,Rate my 10yr olds meal deal,"vendor: unknown  
main: tomato & basil chicken pasta  
snack: gü chocolate dessert  
drink: coca-cola zero sugar lime"
1ppp40g,morrisons,cheddar cheese sandwich,minions fruit smarts,lucozade sport orange,https://i.redd.it/bertpsj1dy7g1.jpeg,I’m sick. Here’s what my bf got me.,"vendor: morrisons  
main: cheddar cheese sandwich  
snack: minions fruit smarts  
drink: lucozade sport orange"
1nq4nob,unknown,unknown,lemon,staropramen beer,https://i.redd.it/t321sicouarf1.jpeg,Day off meal deal let's hear it then.,"vendor: unknown  
main: unknown  
snack: lemon  
drink: staropramen beer"
1ohj6f9,tesco,ham no mayo sandwich,frazzles,monster energy drink,https://i.redd.it/3eik3kbqloxf1.jpeg,"""I'm not hungry but I want to justify a £2 Monster"" Meal Deal","vendor: tesco  
main: ham no mayo sandwich  
snack: frazzles  
drink: monster energy drink"
1o28dn8,tesco,cheddar no mayo sandwich,hula hoops big hoops salted,7up zero,https://i.redd.it/i0ql7vvqp3uf1.png,I believe I may have the most boring Meal Deal in the entire country.,"vendor: tesco  
main: cheddar no mayo sandwich  
snack: hula hoops big hoops salted  
drink: 7UP Zero"
1ov347e,unknown,smoked ham and coleslaw sandwich,carrot cake,coca-cola zero sugar lemon,https://i.redd.it/y5oimffmet0g1.jpeg,Did you know back in 1999 Boots launched the meal deal,"vendor: unknown  
main: smoked ham and coleslaw sandwich  
snack: carrot cake  
drink: Coca-Cola Zero Sugar Lemon"
1qkvrtj,tesco,tikka chicken & mango chutney sandwich,mango slices,robinsons orange & mango drink,https://i.redd.it/7kzyhmyln4fg1.jpeg,I didn’t realise there was a theme until I took this picture🥲,"vendor: tesco  
main: tikka chicken & mango chutney sandwich  
snack: mango slices  
drink: robinsons orange & mango drink"
1p3v0gk,unknown,unknown,walkers crisps,unknown,https://i.redd.it/7ab7ljzxmt2g1.jpeg,sainsburys meal deal,"vendor: unknown  
main: unknown  
snack: walkers crisps  
drink: unknown"
1qh2360,unknown,pasta,gü millionaire dessert,celsius sparkling drink,https://i.redd.it/wsgqh0qtnaeg1.jpeg,"The lady in Morrisons said ‘wow, this is the best meal deal I’ve ever seen’ and EVERYONE started clapping!","vendor: unknown  
main: pasta  
snack: Gü millionaire dessert  
drink: Celsius sparkling drink"
1rczvh7,unknown,strawberry sandwich,strawberry chocolate,suntory highball,https://i.redd.it/uw1vm40lbclg1.jpeg,Is this a meal deal?,"vendor: unknown  
main: strawberry sandwich  
snack: strawberry chocolate  
drink: Suntory Highball"
1pyv5km,tesco,chicken mozzarella & pesto sandwich,maoam bloxx,innocent green alert smoothie,https://i.redd.it/gj8lyv8oz6ag1.jpeg,"Chicken mozzarella and pesto sandwich, 4 Maoam bloxx, innocent green alert","vendor: tesco  
main: chicken mozzarella & pesto sandwich  
snack: maoam bloxx  
drink: innocent green alert smoothie"
1ng7xmq,unknown,chicken promise wrap,classic chicken soup,iced coffee,https://i.redd.it/qessgdi8szof1.jpeg,My Sainsbury's meal deal,"vendor: unknown  
main: chicken promise wrap  
snack: classic chicken soup  
drink: iced coffee"
1qr27im,co-op,onion bhaji sandwich,gü salted caramel cheesecake,coca-cola lime,https://i.redd.it/y2762yt8vggg1.jpeg,Canadian recently moved to the UK. rate it :),"vendor: co-op
main: onion bhaji sandwich
snack: Gü salted caramel cheesecake
drink: coca-cola lime"
1q4khlk,unknown,chicken shawarma wrap,walkers masala chicken crisps,vit-hits immunity drink,https://i.redd.it/p5wrsnzqyibg1.jpeg,"£8, Marks &amp; Spencer’s (hospital prices, missus is in labour 👶)","vendor: unknown  
main: chicken shawarma wrap  
snack: walkers masala chicken crisps  
drink: vit-hits immunity drink"
1nlw5s4,unknown,chicken tikka naan,gü zillionaire,shaken udder chocolush milkshake,https://i.redd.it/yat4jze06bqf1.jpeg,Rate my meal deal choice,"vendor: unknown  
main: chicken tikka naan  
snack: gü zillionaire  
drink: shaken udder chocolush milkshake"
1nvgr1j,unknown,unknown,unknown,stella artois beer cans,https://i.redd.it/rxzpriyvpjsf1.jpeg,Rate my meal deal,"vendor: unknown  
main: unknown  
snack: unknown  
drink: Stella Artois beer cans"
1q6fg9k,tesco,mary me chicken sandwich,hula hoops big hoops barbecue beef,energy drink lilac edition,https://i.redd.it/yd2q5mxcjxbg1.jpeg,When walking out the alarms went off I knew I didn’t steal but the staff came running after me saying they just wanted to get my attention because no one had ever picked a perfect meal deal before me,"vendor: tesco  
main: mary me chicken sandwich  
snack: hula hoops big hoops barbecue beef  
drink: energy drink lilac edition"
1oca4un,waitrose,chicken katsu curry sando,funsize twix,raw coconut water,https://i.redd.it/l2nh7z8r7gwf1.jpeg,£5 Waitrose,"vendor: waitrose  
main: chicken katsu curry sando  
snack: funsize twix  
drink: raw coconut water"
1rg5v2e,unknown,pastrami and cheddar baguette,spinach and feta filo rolls,lo bros ginger & lemon sparkling drink,https://i.redd.it/aczr9qrwa1mg1.jpeg,"Guys, I think I’ve done it. We can all go home. It might be the perfect meal deal.","vendor: unknown  
main: pastrami and cheddar baguette  
snack: spinach and feta filo rolls  
drink: lo bros ginger & lemon sparkling drink"
1oqrhfd,tesco,"sausage, bacon & egg triple sandwich",walkers max sizzling steak crisps,monster energy ultra,https://i.redd.it/uikllx28htzf1.png,Girl in my uni library witnessed me picking my nose. £3.85 from Tesco,"vendor: tesco  
main: sausage, bacon & egg triple sandwich  
snack: walkers max sizzling steak crisps  
drink: monster energy ultra"
1nin142,tesco,sweet chilli chicken wrap,sensations thai sweet chilli crisps,wkd white choc protein drink,https://i.redd.it/lvgsvejw4kpf1.jpeg,My deal,"vendor: tesco  
main: sweet chilli chicken wrap  
snack: sensations thai sweet chilli crisps  
drink: wkd white choc protein drink"
1q253oy,co-op,prawn with lemon & black pepper mayo sandwich,turkish delight,monster punch energy drink,https://i.redd.it/khewllbb3zag1.jpeg,"Shopkeep was visibly impressed, said I looked sharp today","vendor: co-op  
main: prawn with lemon & black pepper mayo sandwich  
snack: turkish delight  
drink: monster punch energy drink"
1owrrmd,unknown,chicken and smoked bacon baguette,tony's choco lonely,pepsi,https://i.redd.it/prwj0ti7w61g1.jpeg,My first time visiting the UK and my first meal deals. How’d I do?,"vendor: unknown  
main: chicken and smoked bacon baguette  
snack: Tony's Choco Lonely  
drink: Pepsi"
1plstpz,unknown,ham & cheese sandwich,tic tac cherry,naked gold machine smoothie,https://i.redd.it/0arephk5p07g1.jpeg,Airport meal deal,"vendor: unknown  
main: ham & cheese sandwich  
snack: tic tac cherry  
drink: Naked gold machine smoothie"
1nzi1bo,tesco,smoked ham and mature cheddar baguette,tony's choco lonely chocolate bar,irn bru,https://i.redd.it/2d853tm6mhtf1.jpeg,My brother said I’d get rinsed,"vendor: tesco  
main: smoked ham and mature cheddar baguette  
snack: Tony's Choco Lonely chocolate bar  
drink: irn bru"
1pi1r63,unknown,smoked salmon and cream cheese sandwich,odysea spinach & feta filo rolls,iced coffee,https://i.redd.it/bqpgsv68w46g1.jpeg,Sainsbury's £3.95 - not seen the filo rolls before.,"vendor: unknown  
main: smoked salmon and cream cheese sandwich  
snack: odysea spinach & feta filo rolls  
drink: iced coffee"
1q7dcjl,tesco,vegetable samosa,itsu crispy seaweed thins,naked green machine super smoothie,https://i.redd.it/4f6tfsifz4cg1.jpeg,Tesco. I have a feeling this won't be too popular.,"vendor: tesco  
main: vegetable samosa  
snack: itsu crispy seaweed thins  
drink: Naked Green Machine super smoothie"
1o6f34m,unknown,chicken and sweet pepper poke,walkers sticky teriyaki crisps,naked blue machine,https://i.redd.it/e31p0l3zt2vf1.jpeg,Rate the Tesco meal deal,"vendor: unknown  
main: chicken and sweet pepper poke  
snack: Walkers sticky teriyaki crisps  
drink: Naked blue machine"
1q922xo,unknown,chicken and avocado sandwich,krispy kreme doughnut,dr pepper,https://i.redd.it/a8s3g8txeicg1.jpeg,"Hungover. Needed a sweet, sweet, sugary Krispy Kreme. And then well…in for a penny.","vendor: unknown  
main: chicken and avocado sandwich  
snack: krispy kreme doughnut  
drink: Dr Pepper"
1qmec2z,marks and spencer,beetroot and feta salad,colin the caterpillar face cake,diet lemonade,https://i.redd.it/rlxblmypogfg1.jpeg,Asshole boyfriend,"vendor: marks and spencer
main: beetroot and feta salad
snack: colin the caterpillar face cake
drink: diet lemonade"
1oloa2o,tesco,currywurst sausage roll,pretzel,iced coffee,https://i.redd.it/31pleex6hnyf1.jpeg,‘German’ 🇩🇪 Tesco -£3.85,"vendor: tesco  
main: currywurst sausage roll  
snack: pretzel  
drink: iced coffee"
1pf61u1,tesco,cheddar no mayo sandwich,monster munch pickled onion,shaken udder chocolush,https://i.redd.it/hui24k0p5g5g1.jpeg,Had a long day so I thought I would treat myself.,"vendor: tesco  
main: cheddar no mayo sandwich  
snack: monster munch pickled onion  
drink: shaken udder chocolush"
1pn3u6u,unknown,sausage roll,unknown,red bull,https://i.redd.it/loef7dc8ec7g1.jpeg,Breakfast Meal deal,"vendor: unknown  
main: sausage roll  
snack: unknown  
drink: Red Bull"
1q0ad6x,unknown,shaved irish ham & cheddar sandwich,yogurt raisins,monster pipeline punch,https://i.redd.it/papm3rratiag1.jpeg,Tic Tac guy here. Hope this one is less controversial lmao,"vendor: unknown  
main: shaved Irish ham & cheddar sandwich  
snack: yogurt raisins  
drink: Monster Pipeline Punch"
1r3n0js,unknown,new york style deli pastrami sandwich,walkers sensations thai sweet chilli crisps,tropicana sparkling tropical drink,https://i.redd.it/6h83sjqq19jg1.jpeg,How did I do?,"vendor: unknown  
main: new york style deli pastrami sandwich  
snack: walkers sensations thai sweet chilli crisps  
drink: tropicana sparkling tropical drink"
1rhurii,tesco,"melon, kiwi & strawberry fruit salad",mango snack pack,innocent green smoothie,https://i.redd.it/p08nd49s2fmg1.jpeg,I was so proud to post this then started scrolling and fear it’s basic.,"vendor: tesco  
main: melon, kiwi & strawberry fruit salad  
snack: mango snack pack  
drink: innocent green smoothie"
1rofa71,unknown,unknown,unknown,unknown,https://i.redd.it/vdeao9lqqvng1.jpeg,Finally,"vendor: unknown  
main: unknown  
snack: unknown  
drink: unknown"
1o8wwqh,unknown,kimchi instant noodles,jazzles,monster reserve,https://i.redd.it/550alged7nvf1.jpeg,Rate my meal deal £2.64,"vendor: unknown  
main: kimchi instant noodles  
snack: jazzles  
drink: monster reserve"
1pw3wot,tesco,smoky bacon sarnie,nice 'n' spicy nik nak crisps,monster energy drink,https://i.redd.it/h70ngrm9sj9g1.jpeg,Father thinks this is the worst possible combination i could have picked. not that bad surely?,"vendor: tesco  
main: smoky bacon sarnie  
snack: nice 'n' spicy nik nak crisps  
drink: monster energy drink"
1q4kv3y,tesco,blt sandwich,munchies,fanta lemon,https://i.redd.it/stgjggt62jbg1.jpeg,How's my meal deal? (I'm not the dog),"vendor: tesco  
main: blt sandwich  
snack: munchies  
drink: fanta lemon"
1qaunth,tesco,veggie sushi,mango slices,pepsi max,https://i.redd.it/yqtp761n5xcg1.jpeg,My American flatmates first ever meal deal,"vendor: tesco  
main: veggie sushi  
snack: mango slices  
drink: pepsi max"
1nxxxc3,tesco,sausage bacon & egg triple sandwich,krispy kreme doughnut,fanta,https://i.redd.it/k60r1k05c4tf1.png,Rate my meal deal,"vendor: tesco  
main: sausage bacon & egg triple sandwich  
snack: krispy kreme doughnut  
drink: fanta"
1qnjhyi,tesco,the chicken triple sandwich,tony's choco lonely,shaken udder white choc protein milkshake,https://i.redd.it/b8r30b9zrpfg1.jpeg,"Post gym meal deal, what do we think?","vendor: tesco  
main: the chicken triple sandwich  
snack: tony's choco lonely  
drink: shaken udder white choc protein milkshake"
1r4hb04,waitrose,beef bourguignon,2 caramelised biscuit cheesecakes,rosé wine,https://i.redd.it/aj8t71sqsfjg1.jpeg,Valentine’s Meal Deal for 2,"vendor: waitrose  
main: beef bourguignon  
snack: 2 caramelised biscuit cheesecakes  
drink: rosé wine"
1oetgt8,tesco,chicken club sandwich,kinder bueno,caffè latte skinny,https://i.redd.it/6knd1ek371xf1.jpeg,Surely I get full marks for this?,"vendor: tesco  
main: chicken club sandwich  
snack: kinder bueno  
drink: caffè latte skinny"
1r9x8f5,tesco,marky me chicken sandwich,lindt lindor milk chocolate bar,j20 orange and passion fruit,https://i.redd.it/cbbq1s0nwnkg1.jpeg,First time posting,"vendor: tesco  
main: marky me chicken sandwich  
snack: lindt lindor milk chocolate bar  
drink: j20 orange and passion fruit"
1o41hit,tesco,cheese and onion sandwich,walkers prawn cocktail crisps,fanta 500ml,https://i.redd.it/ubryyaafpiuf1.jpeg,"Meal deal virgin traveling to the UK from the states, how did I do?","vendor: tesco  
main: cheese and onion sandwich  
snack: walkers prawn cocktail crisps  
drink: fanta 500ml"
1r111do,sainsbury's,smoked salmon and cream cheese sandwich,snacking pickles,dr. pepper cherry soda,https://i.redd.it/8w74p3ux7oig1.jpeg,sub 400 calories and a formal warning from my employer for my choices,"vendor: sainsbury's  
main: smoked salmon and cream cheese sandwich  
snack: snacking pickles  
drink: dr. pepper cherry soda"
1owyfxy,tesco,chicken triple sandwich,mccoy's flame grilled steak crisps,dr pepper 500ml,https://i.redd.it/spswul2pj81g1.jpeg,What do we reckon to this?,"vendor: tesco  
main: chicken triple sandwich  
snack: mccoy's flame grilled steak crisps  
drink: dr pepper 500ml"
1oqp04x,unknown,all day breakfast sandwich,ginty's peppered steak slice,monster energy drink,https://i.redd.it/c38skjnjpszf1.jpeg,"Get this combo way too often, £3.75, let me have it","vendor: unknown  
main: all day breakfast sandwich  
snack: ginty's peppered steak slice  
drink: monster energy drink"
1nvz04f,tesco,ham sandwich,walkers ready salted crisps,evian water,https://i.redd.it/pk3psk492osf1.jpeg,felt like being different today,"vendor: tesco  
main: ham sandwich  
snack: walkers ready salted crisps  
drink: evian water"
1rkkoia,sainsbury's,classic triple chicken & bacon sandwich,scotch egg,innocent berry energise smoothie,https://i.redd.it/fyh7mkyrz0ng1.jpeg,Went for pink packet theme today,"vendor: sainsbury's  
main: classic triple chicken & bacon sandwich  
snack: scotch egg  
drink: innocent berry energise smoothie"
1rcgdtr,tesco,scottish salmon & cream cheese sandwich,lindor milk chocolate bar,vita coco coconut water,https://i.redd.it/k8wjtut7p8lg1.jpeg,What are we saying?,"vendor: tesco  
main: scottish salmon & cream cheese sandwich  
snack: lindor milk chocolate bar  
drink: vita coco coconut water"
1r3dox3,7-eleven,chicken schnitzel sandwich,japanese curry chicken onigiri,diet coke,https://i.redd.it/1j8t69bdf6jg1.jpeg,"Long time listener, first time caller","vendor: 7-Eleven  
main: chicken schnitzel sandwich  
snack: japanese curry chicken onigiri  
drink: diet coke"
1ormn6a,unknown,spicy chicken baguette,spinach and feta filo rolls,purdey's natural energy,https://i.redd.it/yaot5bdil00g1.jpeg,Sandwich is huge. Feels like a good £5.50,"vendor: unknown  
main: spicy chicken baguette  
snack: spinach and feta filo rolls  
drink: Purdey's natural energy"
1qo8kjc,unknown,sushi,gü salted caramel dessert,costa coffee,https://i.redd.it/crppnxa6vufg1.jpeg,Waiting for the train on a wet winter morning £2.75 Co-OP,"vendor: unknown  
main: sushi  
snack: Gü salted caramel dessert  
drink: Costa coffee"
1qqfk98,unknown,sushi,sugar-free mint tablets,orange juice,https://i.redd.it/vhj8si66tbgg1.jpeg,Guess my occupation,"vendor: unknown  
main: sushi  
snack: sugar-free mint tablets  
drink: orange juice"
1p25jz9,unknown,spicy chicken and mozzarella flatbread,walkers max paprika crisps,monster energy drink,https://i.redd.it/0fiberwrgf2g1.jpeg,My first time here and I am coming for the crown!,"vendor: unknown  
main: spicy chicken and mozzarella flatbread  
snack: walkers max paprika crisps  
drink: monster energy drink"
1ritq25,unknown,chicken & chorizo sandwich,unknown,irn bru,https://i.redd.it/xkwxrxxm2nmg1.jpeg,I think baked goods get overlooked as a snack option,"vendor: unknown  
main: chicken & chorizo sandwich  
snack: unknown  
drink: irn bru"
1p8e7a4,unknown,smoked ham and cheddar sandwich,kind protein bar dark chocolate nut,monster energy ultra,https://i.redd.it/1ki44eajgv3g1.jpeg,"I have eaten this exact meal deal ,conservatively, over 400 times in my 4 years in the UK thus far","vendor: unknown  
main: smoked ham and cheddar sandwich  
snack: kind protein bar dark chocolate nut  
drink: monster energy ultra"
1q6n02k,tesco,cheese triple sandwich,ridge raiders chicken crisps,lipton peach iced tea,https://i.redd.it/ls5jizs3yybg1.jpeg,The chokehold that energy drinks have on this sub is unreal.,"vendor: tesco  
main: cheese triple sandwich  
snack: ridge raiders chicken crisps  
drink: lipton peach iced tea"
1r789m8,unknown,beef and horseradish sandwich,donut,fruity brompton drink,https://i.redd.it/wwcl2ashk2kg1.jpeg,Manager came out to give me a hug,"vendor: unknown  
main: beef and horseradish sandwich  
snack: donut  
drink: fruity brompton drink"
1qpd3g0,too good to go,teryaki chicken sushi tacos,kitkat chunky salted caramel,innocent green alice smoothie,https://i.redd.it/w9dfiabeq3gg1.jpeg,I’m either getting upvoted to the moon or the police are raiding my hard drive. There’s no middle ground with this one,"vendor: too good to go  
main: teryaki chicken sushi tacos  
snack: kitkat chunky salted caramel  
drink: innocent green alice smoothie"
1pj4yux,unknown,chicken tikka wrap,fully loaded potato wedges,unknown,https://i.redd.it/uhiwsez47e6g1.jpeg,Meal Deal at 38000 feet. Drink couldn’t make it through security,"vendor: unknown  
main: chicken tikka wrap  
snack: fully loaded potato wedges  
drink: unknown"
1qlof7v,tesco,salt & pepper chicken wrap,apple slices,lucazade sport orange,https://i.redd.it/ukff8ex95bfg1.jpeg,Pre-Vasectomy meal,"vendor: tesco  
main: salt & pepper chicken wrap  
snack: apple slices  
drink: lucazade sport orange"
1qjsm63,unknown,smoked ham and cheddar sandwich,unknown,lipton lemon iced tea,https://i.redd.it/sx9wfwp14weg1.jpeg,"A bit of a boring meal deal, featuring assistance dog Huraith","vendor: unknown  
main: smoked ham and cheddar sandwich  
snack: unknown  
drink: Lipton lemon iced tea"
1pj7dte,unknown,mashed potato,pepperami,gordon's pink gin & tonic,https://i.redd.it/0dwl6czone6g1.jpeg,peak meal deal,"vendor: unknown  
main: mashed potato  
snack: pepperami  
drink: gordon's pink gin & tonic"
1pbaeww,tesco,southern fried chicken baguette,unknown,red bull energy drink,https://i.redd.it/tkizqtkmvk4g1.png,Rate my meal deal? The cheese twist has been badly photoshopped in because I devoured it immediately 👍,"vendor: tesco  
main: southern fried chicken baguette  
snack: unknown  
drink: red bull energy drink"
1q5j4jq,co-op,new york style deli sandwich,pastry,innocent strawberry smoothie,https://i.redd.it/6tzrxstvhqbg1.jpeg,Never tried the sandwich before,"vendor: co-op  
main: New York Style Deli sandwich  
snack: pastry  
drink: innocent strawberry smoothie"
1rq0uds,unknown,pizza,potato wedges,unknown,https://i.redd.it/laplvdebq8og1.jpeg,Not bad for £5.99!,"vendor: unknown  
main: pizza  
snack: potato wedges  
drink: unknown"
1pdbs0j,sainsbury's,prawn mayo sandwich,raspberry cheesecake yogurt,volvic touch of mango passion sparkling,https://i.redd.it/ci0kg78k515g1.jpeg,Sainsbury's meal deal,"vendor: sainsbury's  
main: prawn mayo sandwich  
snack: raspberry cheesecake yogurt  
drink: volvic touch of mango passion sparkling"
1qupmt3,unknown,scottish smoked salmon & cream cheese sandwich,pringles original,monster ultra strawberry dreams,https://i.redd.it/4tlvzgben9hg1.jpeg,felt very upper class buying this main,"vendor: unknown  
main: Scottish smoked salmon & cream cheese sandwich  
snack: Pringles Original  
drink: Monster Ultra Strawberry Dreams"
1r329b6,unknown,southern fried chicken pasta,lindt milk chocolate bar,coca-cola zero sugar,https://i.redd.it/skw730bi34jg1.jpeg,The store manager came out to shake my hand for purchasing the perfect meal deal,"vendor: unknown  
main: southern fried chicken pasta  
snack: lindt milk chocolate bar  
drink: coca-cola zero sugar"
1p4v2bk,tesco,"chicken, bacon & stuffing sandwich",sensations thai sweet chilli crisps,innocent citrus shield,https://i.redd.it/a295b03g223g1.jpeg,Say no to monster.,"vendor: tesco  
main: chicken, bacon & stuffing sandwich  
snack: sensations thai sweet chilli crisps  
drink: innocent citrus shield"
1qdlzni,unknown,carrot and coriander soup,lemon curd,oasis citrus punch,https://i.redd.it/x4bmj71r3jdg1.jpeg,The forbidden meal deal (Morrison's £4.75),"vendor: unknown  
main: carrot and coriander soup  
snack: lemon curd  
drink: oasis citrus punch"
1qcl1tf,go,chicken and bacon sandwich,chewy fruit bar,irn bru,https://i.redd.it/kaebk708xadg1.jpeg,does this go hard?,"vendor: go
main: chicken and bacon sandwich
snack: chewy fruit bar
drink: irn bru"
1ps62sx,tesco,mango,go ahead chocolate chip protein bar,bottle of water,https://i.redd.it/c24cxy223k8g1.jpeg,How are you feeling about this one,"vendor: tesco  
main: mango  
snack: go ahead chocolate chip protein bar  
drink: bottle of water"
1qxhuhi,sainsbury's,plant pioneers vlt sandwich,walkers prawn cocktail crisps,monster energy zero sugar,https://i.redd.it/ceopzaornvhg1.jpeg,Broke up with my partner 💔,"vendor: sainsbury's  
main: plant pioneers vlt sandwich  
snack: walkers prawn cocktail crisps  
drink: monster energy zero sugar"
1reo1sj,tesco,cheese and tomato pasta,turkish delight,monster energy ultra,https://i.redd.it/1f6i4ag55plg1.jpeg,I’m new here so please be kind haha.. how did I do with my Meal Deal?,"vendor: tesco  
main: cheese and tomato pasta  
snack: turkish delight  
drink: monster energy ultra"
