post_id,vendor,main,snack,drink,image_url,title
1r1y4zd,,,,,https://i.redd.it/d1o3khxbgvig1.jpeg,£4.90 pizza meal from my local Italian deli
1qdpb0z,,,,,https://i.redd.it/vdfrt7ojpjdg1.jpeg,The manager came out and told me I must be someone who claps when the plane lands.
1okrzy0,,,,,https://i.redd.it/y1ub4iv7nfyf1.jpeg,The staff at tesco applauded and the manager came out to shake my hand
1rlli7t,,,,,https://i.redd.it/9p6v50kw29ng1.jpeg,bosh
1pc7dit,,,,,https://i.redd.it/ekdrzt41ds4g1.jpeg,My colleague just returned to his desk with this…
1opcfg1,,,,,https://i.redd.it/26izwejnohzf1.jpeg,"American in UK, did I do it right?"
1qz9wcd,,,,,https://i.redd.it/fu5iijfk3aig1.jpeg,"Man goes, Man gets"
1rga0nm,,,,,https://i.redd.it/7qh9at4q42mg1.jpeg,Pineapple thrice
1pj1sec,,,,,https://i.redd.it/6r7tawfmid6g1.jpeg,"I dont need your score, this is a 10/10. Signed hungry pregnant lady."
1nsnip5,,,,,https://i.redd.it/ipu6etgpjwrf1.jpeg,Rate my meal deal
1p0ari8,,,,,https://i.redd.it/h4ywm3wmf02g1.jpeg,first time posting on this sub lol
1p7yx8f,,,,,https://i.redd.it/azxnrf3u0s3g1.jpeg,Thoughts on this offering? Bit more expensive than usual
1r4l56k,,,,,https://i.redd.it/zxru7t6ktgjg1.jpeg,Valentines meal for one
1r7iwax,,,,,https://i.redd.it/173y7xtme4kg1.jpeg,my version of a meal deal except it’s a monday evening
1puuf64,,,,,https://i.redd.it/4v0m6ej4779g1.jpeg,Spanish meal deal at the service station
1p2y6at,,,,,https://i.redd.it/48lb6bmg0m2g1.jpeg,Rate my 10yr olds meal deal
1ppp40g,,,,,https://i.redd.it/bertpsj1dy7g1.jpeg,I’m sick. Here’s what my bf got me.
1nq4nob,,,,,https://i.redd.it/t321sicouarf1.jpeg,Day off meal deal let's hear it then.
1ohj6f9,,,,,https://i.redd.it/3eik3kbqloxf1.jpeg,"""I'm not hungry but I want to justify a £2 Monster"" Meal Deal"
1o28dn8,,,,,https://i.redd.it/i0ql7vvqp3uf1.png,I believe I may have the most boring Meal Deal in the entire country.
1ov347e,,,,,https://i.redd.it/y5oimffmet0g1.jpeg,Did you know back in 1999 Boots launched the meal deal
1qkvrtj,,,,,https://i.redd.it/7kzyhmyln4fg1.jpeg,I didn’t realise there was a theme until I took this picture🥲
1p3v0gk,,,,,https://i.redd.it/7ab7ljzxmt2g1.jpeg,sainsburys meal deal
1qh2360,,,,,https://i.redd.it/wsgqh0qtnaeg1.jpeg,"The lady in Morrisons said ‘wow, this is the best meal deal I’ve ever seen’ and EVERYONE started clapping!"
1rczvh7,,,,,https://i.redd.it/uw1vm40lbclg1.jpeg,Is this a meal deal?
1pyv5km,,,,,https://i.redd.it/gj8lyv8oz6ag1.jpeg,"Chicken mozzarella and pesto sandwich, 4 Maoam bloxx, innocent green alert"
1ng7xmq,,,,,https://i.redd.it/qessgdi8szof1.jpeg,My Sainsbury's meal deal
1qr27im,,,,,https://i.redd.it/y2762yt8vggg1.jpeg,Canadian recently moved to the UK. rate it :)
1q4khlk,,,,,https://i.redd.it/p5wrsnzqyibg1.jpeg,"£8, Marks &amp; Spencer’s (hospital prices, missus is in labour 👶)"
1nlw5s4,,,,,https://i.redd.it/yat4jze06bqf1.jpeg,Rate my meal deal choice
1nvgr1j,,,,,https://i.redd.it/rxzpriyvpjsf1.jpeg,Rate my meal deal
1q6fg9k,,,,,https://i.redd.it/yd2q5mxcjxbg1.jpeg,When walking out the alarms went off I knew I didn’t steal but the staff came running after me saying they just wanted to get my attention because no one had ever picked a perfect meal deal before me
1oca4un,,,,,https://i.redd.it/l2nh7z8r7gwf1.jpeg,£5 Waitrose
1rg5v2e,,,,,https://i.redd.it/aczr9qrwa1mg1.jpeg,"Guys, I think I’ve done it. We can all go home. It might be the perfect meal deal."
1oqrhfd,,,,,https://i.redd.it/uikllx28htzf1.png,Girl in my uni library witnessed me picking my nose. £3.85 from Tesco
1nin142,,,,,https://i.redd.it/lvgsvejw4kpf1.jpeg,My deal
1q253oy,,,,,https://i.redd.it/khewllbb3zag1.jpeg,"Shopkeep was visibly impressed, said I looked sharp today"
1owrrmd,,,,,https://i.redd.it/prwj0ti7w61g1.jpeg,My first time visiting the UK and my first meal deals. How’d I do?
1plstpz,,,,,https://i.redd.it/0arephk5p07g1.jpeg,Airport meal deal
1nzi1bo,,,,,https://i.redd.it/2d853tm6mhtf1.jpeg,My brother said I’d get rinsed
1pi1r63,,,,,https://i.redd.it/bqpgsv68w46g1.jpeg,Sainsbury's £3.95 - not seen the filo rolls before.
1q7dcjl,,,,,https://i.redd.it/4f6tfsifz4cg1.jpeg,Tesco. I have a feeling this won't be too popular.
1o6f34m,,,,,https://i.redd.it/e31p0l3zt2vf1.jpeg,Rate the Tesco meal deal
1q922xo,,,,,https://i.redd.it/a8s3g8txeicg1.jpeg,"Hungover. Needed a sweet, sweet, sugary Krispy Kreme. And then well…in for a penny."
1qmec2z,,,,,https://i.redd.it/rlxblmypogfg1.jpeg,Asshole boyfriend
1oloa2o,,,,,https://i.redd.it/31pleex6hnyf1.jpeg,‘German’ 🇩🇪 Tesco -£3.85
1njb80g,,,,,https://i.redd.it/f64zi57etppf1.jpeg,"I eat this exact combination daily, am I fat?"
1pf61u1,,,,,https://i.redd.it/hui24k0p5g5g1.jpeg,Had a long day so I thought I would treat myself.
1pn3u6u,,,,,https://i.redd.it/loef7dc8ec7g1.jpeg,Breakfast Meal deal
1q0ad6x,,,,,https://i.redd.it/papm3rratiag1.jpeg,Tic Tac guy here. Hope this one is less controversial lmao
1r3n0js,,,,,https://i.redd.it/6h83sjqq19jg1.jpeg,How did I do?
1rhurii,,,,,https://i.redd.it/p08nd49s2fmg1.jpeg,I was so proud to post this then started scrolling and fear it’s basic.
1rofa71,,,,,https://i.redd.it/vdeao9lqqvng1.jpeg,Finally
1o8wwqh,,,,,https://i.redd.it/550alged7nvf1.jpeg,Rate my meal deal £2.64
1pw3wot,,,,,https://i.redd.it/h70ngrm9sj9g1.jpeg,Father thinks this is the worst possible combination i could have picked. not that bad surely?
1q4kv3y,,,,,https://i.redd.it/stgjggt62jbg1.jpeg,How's my meal deal? (I'm not the dog)
1qaunth,,,,,https://i.redd.it/yqtp761n5xcg1.jpeg,My American flatmates first ever meal deal
1nxxxc3,,,,,https://i.redd.it/k60r1k05c4tf1.png,Rate my meal deal
1qnjhyi,,,,,https://i.redd.it/b8r30b9zrpfg1.jpeg,"Post gym meal deal, what do we think?"
1r4hb04,,,,,https://i.redd.it/aj8t71sqsfjg1.jpeg,Valentine’s Meal Deal for 2
1oetgt8,,,,,https://i.redd.it/6knd1ek371xf1.jpeg,Surely I get full marks for this?
1r9x8f5,,,,,https://i.redd.it/cbbq1s0nwnkg1.jpeg,First time posting
1o41hit,,,,,https://i.redd.it/ubryyaafpiuf1.jpeg,"Meal deal virgin traveling to the UK from the states, how did I do?"
1r111do,,,,,https://i.redd.it/8w74p3ux7oig1.jpeg,sub 400 calories and a formal warning from my employer for my choices
1owyfxy,,,,,https://i.redd.it/spswul2pj81g1.jpeg,What do we reckon to this?
1oqp04x,,,,,https://i.redd.it/c38skjnjpszf1.jpeg,"Get this combo way too often, £3.75, let me have it"
1nvz04f,,,,,https://i.redd.it/pk3psk492osf1.jpeg,felt like being different today
1rkkoia,,,,,https://i.redd.it/fyh7mkyrz0ng1.jpeg,Went for pink packet theme today
1rcgdtr,,,,,https://i.redd.it/k8wjtut7p8lg1.jpeg,What are we saying?
1r3dox3,,,,,https://i.redd.it/1j8t69bdf6jg1.jpeg,"Long time listener, first time caller"
1ormn6a,,,,,https://i.redd.it/yaot5bdil00g1.jpeg,Sandwich is huge. Feels like a good £5.50
1qo8kjc,,,,,https://i.redd.it/crppnxa6vufg1.jpeg,Waiting for the train on a wet winter morning £2.75 Co-OP
1qqfk98,,,,,https://i.redd.it/vhj8si66tbgg1.jpeg,Guess my occupation
1p25jz9,,,,,https://i.redd.it/0fiberwrgf2g1.jpeg,My first time here and I am coming for the crown!
1ritq25,,,,,https://i.redd.it/xkwxrxxm2nmg1.jpeg,I think baked goods get overlooked as a snack option
1p8e7a4,,,,,https://i.redd.it/1ki44eajgv3g1.jpeg,"I have eaten this exact meal deal ,conservatively, over 400 times in my 4 years in the UK thus far"
1q6n02k,,,,,https://i.redd.it/ls5jizs3yybg1.jpeg,The chokehold that energy drinks have on this sub is unreal.
1r789m8,,,,,https://i.redd.it/wwcl2ashk2kg1.jpeg,Manager came out to give me a hug
1qpd3g0,,,,,https://i.redd.it/w9dfiabeq3gg1.jpeg,I’m either getting upvoted to the moon or the police are raiding my hard drive. There’s no middle ground with this one
1pj4yux,,,,,https://i.redd.it/uhiwsez47e6g1.jpeg,Meal Deal at 38000 feet. Drink couldn’t make it through security
1qlof7v,,,,,https://i.redd.it/ukff8ex95bfg1.jpeg,Pre-Vasectomy meal
1qjsm63,,,,,https://i.redd.it/sx9wfwp14weg1.jpeg,"A bit of a boring meal deal, featuring assistance dog Huraith"
1pj7dte,,,,,https://i.redd.it/0dwl6czone6g1.jpeg,peak meal deal
1pbaeww,,,,,https://i.redd.it/tkizqtkmvk4g1.png,Rate my meal deal? The cheese twist has been badly photoshopped in because I devoured it immediately 👍
1q5j4jq,,,,,https://i.redd.it/6tzrxstvhqbg1.jpeg,Never tried the sandwich before
1rq0uds,,,,,https://i.redd.it/laplvdebq8og1.jpeg,Not bad for £5.99!
1pdbs0j,,,,,https://i.redd.it/ci0kg78k515g1.jpeg,Sainsbury's meal deal
1qupmt3,,,,,https://i.redd.it/4tlvzgben9hg1.jpeg,felt very upper class buying this main
1r329b6,,,,,https://i.redd.it/skw730bi34jg1.jpeg,The store manager came out to shake my hand for purchasing the perfect meal deal
1p4v2bk,,,,,https://i.redd.it/a295b03g223g1.jpeg,Say no to monster.
1qdlzni,,,,,https://i.redd.it/x4bmj71r3jdg1.jpeg,The forbidden meal deal (Morrison's £4.75)
1qcl1tf,,,,,https://i.redd.it/kaebk708xadg1.jpeg,does this go hard?
1ps62sx,,,,,https://i.redd.it/c24cxy223k8g1.jpeg,How are you feeling about this one
1qxhuhi,,,,,https://i.redd.it/ceopzaornvhg1.jpeg,Broke up with my partner 💔
1reo1sj,,,,,https://i.redd.it/1f6i4ag55plg1.jpeg,I’m new here so please be kind haha.. how did I do with my Meal Deal?
